,iso_code,location,date,total_cases,total_deaths,stringency_index,population,Region,Area (sq. mi.),KEYCODE&DATE,DATE,European Union,European Single Market,Week_Num,Month,day,Dates,Cases_x_Area,Cases_x_Pop,Cumulative Deaths_%_Cases,PopMi2,Stringency_Indexed,Econ_Block,Weekly_Cases,Weekly_Deaths,Stringency_IndexL4_L5
371,AUT,Austria,2020-03-18,1332.0,3.0,85.19,9006400,WESTERN EUROPE,83870.0,AUT2020-03-18,2020-03-18,Member,Member,11,Mar,Wednesday,20200318,0.0,0.0,0.0,107.4,4.0,EU,1150.0,,True
372,AUT,Austria,2020-03-25,5282.0,30.0,85.19,9006400,WESTERN EUROPE,83870.0,AUT2020-03-25,2020-03-25,Member,Member,12,Mar,Wednesday,20200325,0.1,0.0,0.0,107.4,4.0,EU,3950.0,27.0,True
373,AUT,Austria,2020-04-01,10182.0,128.0,85.19,9006400,WESTERN EUROPE,83870.0,AUT2020-04-01,2020-04-01,Member,Member,13,Apr,Wednesday,20200401,0.1,0.0,0.0,107.4,4.0,EU,4900.0,98.0,True
374,AUT,Austria,2020-04-08,12640.0,243.0,85.19,9006400,WESTERN EUROPE,83870.0,AUT2020-04-08,2020-04-08,Member,Member,14,Apr,Wednesday,20200408,0.2,0.0,0.0,107.4,4.0,EU,2458.0,115.0,True
375,AUT,Austria,2020-04-15,14234.0,384.0,81.48,9006400,WESTERN EUROPE,83870.0,AUT2020-04-15,2020-04-15,Member,Member,15,Apr,Wednesday,20200415,0.2,0.0,0.0,107.4,4.0,EU,1594.0,141.0,True
376,AUT,Austria,2020-04-22,14833.0,463.0,81.48,9006400,WESTERN EUROPE,83870.0,AUT2020-04-22,2020-04-22,Member,Member,16,Apr,Wednesday,20200422,0.2,0.0,0.0,107.4,4.0,EU,599.0,79.0,True
377,AUT,Austria,2020-04-29,15314.0,569.0,78.7,9006400,WESTERN EUROPE,83870.0,AUT2020-04-29,2020-04-29,Member,Member,17,Apr,Wednesday,20200429,0.2,0.0,0.0,107.4,4.0,EU,481.0,106.0,True
615,BEL,Belgium,2020-03-18,3098.0,62.0,73.15,11589616,WESTERN EUROPE,30528.0,BEL2020-03-18,2020-03-18,Member,Member,11,Mar,Wednesday,20200318,0.1,0.0,0.0,379.6,4.0,EU,2324.0,58.0,True
616,BEL,Belgium,2020-03-25,9150.0,478.0,81.48,11589616,WESTERN EUROPE,30528.0,BEL2020-03-25,2020-03-25,Member,Member,12,Mar,Wednesday,20200325,0.3,0.0,0.1,379.6,4.0,EU,6052.0,416.0,True
617,BEL,Belgium,2020-04-01,18493.0,1608.0,81.48,11589616,WESTERN EUROPE,30528.0,BEL2020-04-01,2020-04-01,Member,Member,13,Apr,Wednesday,20200401,0.6,0.0,0.1,379.6,4.0,EU,9343.0,1130.0,True
618,BEL,Belgium,2020-04-08,28299.0,3434.0,81.48,11589616,WESTERN EUROPE,30528.0,BEL2020-04-08,2020-04-08,Member,Member,14,Apr,Wednesday,20200408,0.9,0.0,0.1,379.6,4.0,EU,9806.0,1826.0,True
619,BEL,Belgium,2020-04-15,38157.0,5375.0,81.48,11589616,WESTERN EUROPE,30528.0,BEL2020-04-15,2020-04-15,Member,Member,15,Apr,Wednesday,20200415,1.2,0.0,0.1,379.6,4.0,EU,9858.0,1941.0,True
620,BEL,Belgium,2020-04-22,45713.0,6814.0,81.48,11589616,WESTERN EUROPE,30528.0,BEL2020-04-22,2020-04-22,Member,Member,16,Apr,Wednesday,20200422,1.5,0.0,0.1,379.6,4.0,EU,7556.0,1439.0,True
621,BEL,Belgium,2020-04-29,49939.0,7773.0,81.48,11589616,WESTERN EUROPE,30528.0,BEL2020-04-29,2020-04-29,Member,Member,17,Apr,Wednesday,20200429,1.6,0.0,0.2,379.6,4.0,EU,4226.0,959.0,True
622,BEL,Belgium,2020-05-06,52956.0,8374.0,78.7,11589616,WESTERN EUROPE,30528.0,BEL2020-05-06,2020-05-06,Member,Member,18,May,Wednesday,20200506,1.7,0.0,0.2,379.6,4.0,EU,3017.0,601.0,True
623,BEL,Belgium,2020-05-13,55431.0,8828.0,75.0,11589616,WESTERN EUROPE,30528.0,BEL2020-05-13,2020-05-13,Member,Member,19,May,Wednesday,20200513,1.8,0.0,0.2,379.6,4.0,EU,2475.0,454.0,True
624,BEL,Belgium,2020-05-20,57304.0,9077.0,75.0,11589616,WESTERN EUROPE,30528.0,BEL2020-05-20,2020-05-20,Member,Member,20,May,Wednesday,20200520,1.9,0.0,0.2,379.6,4.0,EU,1873.0,249.0,True
625,BEL,Belgium,2020-05-27,58518.0,9284.0,75.0,11589616,WESTERN EUROPE,30528.0,BEL2020-05-27,2020-05-27,Member,Member,21,May,Wednesday,20200527,1.9,0.0,0.2,379.6,4.0,EU,1214.0,207.0,True
626,BEL,Belgium,2020-06-03,59363.0,9435.0,75.0,11589616,WESTERN EUROPE,30528.0,BEL2020-06-03,2020-06-03,Member,Member,22,Jun,Wednesday,20200603,1.9,0.0,0.2,379.6,4.0,EU,845.0,151.0,True
964,BGR,Bulgaria,2020-03-18,81.0,2.0,70.37,6948445,EASTERN EUROPE,110910.0,BGR2020-03-18,2020-03-18,Member,Member,11,Mar,Wednesday,20200318,0.0,0.0,0.0,62.6,4.0,EU,,,True
965,BGR,Bulgaria,2020-03-25,220.0,3.0,73.15,6948445,EASTERN EUROPE,110910.0,BGR2020-03-25,2020-03-25,Member,Member,12,Mar,Wednesday,20200325,0.0,0.0,0.0,62.6,4.0,EU,139.0,1.0,True
966,BGR,Bulgaria,2020-04-01,399.0,8.0,71.3,6948445,EASTERN EUROPE,110910.0,BGR2020-04-01,2020-04-01,Member,Member,13,Apr,Wednesday,20200401,0.0,0.0,0.0,62.6,4.0,EU,179.0,5.0,True
967,BGR,Bulgaria,2020-04-08,577.0,23.0,71.3,6948445,EASTERN EUROPE,110910.0,BGR2020-04-08,2020-04-08,Member,Member,14,Apr,Wednesday,20200408,0.0,0.0,0.0,62.6,4.0,EU,178.0,15.0,True
968,BGR,Bulgaria,2020-04-15,713.0,35.0,73.15,6948445,EASTERN EUROPE,110910.0,BGR2020-04-15,2020-04-15,Member,Member,15,Apr,Wednesday,20200415,0.0,0.0,0.0,62.6,4.0,EU,136.0,12.0,True
969,BGR,Bulgaria,2020-04-22,975.0,45.0,73.15,6948445,EASTERN EUROPE,110910.0,BGR2020-04-22,2020-04-22,Member,Member,16,Apr,Wednesday,20200422,0.0,0.0,0.0,62.6,4.0,EU,262.0,10.0,True
970,BGR,Bulgaria,2020-04-29,1399.0,58.0,73.15,6948445,EASTERN EUROPE,110910.0,BGR2020-04-29,2020-04-29,Member,Member,17,Apr,Wednesday,20200429,0.0,0.0,0.0,62.6,4.0,EU,424.0,13.0,True
1491,HRV,Croatia,2020-03-25,382.0,1.0,96.3,4105268,EASTERN EUROPE,56542.0,HRV2020-03-25,2020-03-25,Member,Member,12,Mar,Wednesday,20200325,0.0,0.0,0.0,72.6,5.0,EU,313.0,,True
1492,HRV,Croatia,2020-04-01,867.0,6.0,96.3,4105268,EASTERN EUROPE,56542.0,HRV2020-04-01,2020-04-01,Member,Member,13,Apr,Wednesday,20200401,0.0,0.0,0.0,72.6,5.0,EU,485.0,5.0,True
1493,HRV,Croatia,2020-04-08,1282.0,18.0,96.3,4105268,EASTERN EUROPE,56542.0,HRV2020-04-08,2020-04-08,Member,Member,14,Apr,Wednesday,20200408,0.0,0.0,0.0,72.6,5.0,EU,415.0,12.0,True
1494,HRV,Croatia,2020-04-15,1704.0,31.0,96.3,4105268,EASTERN EUROPE,56542.0,HRV2020-04-15,2020-04-15,Member,Member,15,Apr,Wednesday,20200415,0.0,0.0,0.0,72.6,5.0,EU,422.0,13.0,True
1495,HRV,Croatia,2020-04-22,1908.0,48.0,96.3,4105268,EASTERN EUROPE,56542.0,HRV2020-04-22,2020-04-22,Member,Member,16,Apr,Wednesday,20200422,0.0,0.0,0.0,72.6,5.0,EU,204.0,17.0,True
1496,HRV,Croatia,2020-04-29,2047.0,63.0,89.81,4105268,EASTERN EUROPE,56542.0,HRV2020-04-29,2020-04-29,Member,Member,17,Apr,Wednesday,20200429,0.0,0.0,0.0,72.6,4.0,EU,139.0,15.0,True
1497,HRV,Croatia,2020-05-06,2112.0,83.0,89.81,4105268,EASTERN EUROPE,56542.0,HRV2020-05-06,2020-05-06,Member,Member,18,May,Wednesday,20200506,0.0,0.0,0.0,72.6,4.0,EU,65.0,20.0,True
1498,HRV,Croatia,2020-05-13,2207.0,91.0,70.37,4105268,EASTERN EUROPE,56542.0,HRV2020-05-13,2020-05-13,Member,Member,19,May,Wednesday,20200513,0.0,0.0,0.0,72.6,4.0,EU,95.0,8.0,True
1499,HRV,Croatia,2020-05-20,2232.0,96.0,70.37,4105268,EASTERN EUROPE,56542.0,HRV2020-05-20,2020-05-20,Member,Member,20,May,Wednesday,20200520,0.0,0.0,0.0,72.6,4.0,EU,25.0,5.0,True
1577,CYP,Cyprus,2020-03-25,124.0,3.0,92.59,875899,NEAR EAST,9250.0,CYP2020-03-25,2020-03-25,Member,Member,12,Mar,Wednesday,20200325,0.0,0.0,0.0,94.7,5.0,EU,84.0,,True
1578,CYP,Cyprus,2020-04-01,262.0,8.0,92.59,875899,NEAR EAST,9250.0,CYP2020-04-01,2020-04-01,Member,Member,13,Apr,Wednesday,20200401,0.0,0.0,0.0,94.7,5.0,EU,138.0,5.0,True
1579,CYP,Cyprus,2020-04-08,494.0,9.0,92.59,875899,NEAR EAST,9250.0,CYP2020-04-08,2020-04-08,Member,Member,14,Apr,Wednesday,20200408,0.1,0.0,0.0,94.7,5.0,EU,232.0,1.0,True
1580,CYP,Cyprus,2020-04-15,695.0,12.0,92.59,875899,NEAR EAST,9250.0,CYP2020-04-15,2020-04-15,Member,Member,15,Apr,Wednesday,20200415,0.1,0.0,0.0,94.7,5.0,EU,201.0,3.0,True
1581,CYP,Cyprus,2020-04-22,784.0,12.0,94.44,875899,NEAR EAST,9250.0,CYP2020-04-22,2020-04-22,Member,Member,16,Apr,Wednesday,20200422,0.1,0.0,0.0,94.7,5.0,EU,89.0,0.0,True
1582,CYP,Cyprus,2020-04-29,837.0,15.0,94.44,875899,NEAR EAST,9250.0,CYP2020-04-29,2020-04-29,Member,Member,17,Apr,Wednesday,20200429,0.1,0.0,0.0,94.7,5.0,EU,53.0,3.0,True
1583,CYP,Cyprus,2020-05-06,878.0,15.0,92.59,875899,NEAR EAST,9250.0,CYP2020-05-06,2020-05-06,Member,Member,18,May,Wednesday,20200506,0.1,0.0,0.0,94.7,5.0,EU,41.0,0.0,True
1584,CYP,Cyprus,2020-05-13,903.0,16.0,92.59,875899,NEAR EAST,9250.0,CYP2020-05-13,2020-05-13,Member,Member,19,May,Wednesday,20200513,0.1,0.0,0.0,94.7,5.0,EU,25.0,1.0,True
1585,CYP,Cyprus,2020-05-20,918.0,17.0,92.59,875899,NEAR EAST,9250.0,CYP2020-05-20,2020-05-20,Member,Member,20,May,Wednesday,20200520,0.1,0.0,0.0,94.7,5.0,EU,15.0,1.0,True
1586,CYP,Cyprus,2020-05-27,939.0,17.0,76.85,875899,NEAR EAST,9250.0,CYP2020-05-27,2020-05-27,Member,Member,21,May,Wednesday,20200527,0.1,0.0,0.0,94.7,4.0,EU,21.0,0.0,True
1587,CYP,Cyprus,2020-06-03,952.0,17.0,76.85,875899,NEAR EAST,9250.0,CYP2020-06-03,2020-06-03,Member,Member,22,Jun,Wednesday,20200603,0.1,0.0,0.0,94.7,4.0,EU,13.0,0.0,True
1615,CZE,Czech Republic,2020-03-18,434.0,,79.63,10708982,EASTERN EUROPE,78866.0,CZE2020-03-18,2020-03-18,Member,Member,11,Mar,Wednesday,20200318,0.0,0.0,,135.8,4.0,EU,371.0,,True
1616,CZE,Czech Republic,2020-03-25,1394.0,3.0,82.41,10708982,EASTERN EUROPE,78866.0,CZE2020-03-25,2020-03-25,Member,Member,12,Mar,Wednesday,20200325,0.0,0.0,0.0,135.8,4.0,EU,960.0,,True
1617,CZE,Czech Republic,2020-04-01,3308.0,31.0,82.41,10708982,EASTERN EUROPE,78866.0,CZE2020-04-01,2020-04-01,Member,Member,13,Apr,Wednesday,20200401,0.0,0.0,0.0,135.8,4.0,EU,1914.0,28.0,True
1618,CZE,Czech Republic,2020-04-08,5017.0,88.0,74.07,10708982,EASTERN EUROPE,78866.0,CZE2020-04-08,2020-04-08,Member,Member,14,Apr,Wednesday,20200408,0.1,0.0,0.0,135.8,4.0,EU,1709.0,57.0,True
1619,CZE,Czech Republic,2020-04-15,6141.0,161.0,71.3,10708982,EASTERN EUROPE,78866.0,CZE2020-04-15,2020-04-15,Member,Member,15,Apr,Wednesday,20200415,0.1,0.0,0.0,135.8,4.0,EU,1124.0,73.0,True
1684,DNK,Denmark,2020-03-18,1024.0,4.0,72.22,5792203,WESTERN EUROPE,43094.0,DNK2020-03-18,2020-03-18,Member,Member,11,Mar,Wednesday,20200318,0.0,0.0,0.0,134.4,4.0,EU,760.0,,True
1685,DNK,Denmark,2020-03-25,1591.0,32.0,72.22,5792203,WESTERN EUROPE,43094.0,DNK2020-03-25,2020-03-25,Member,Member,12,Mar,Wednesday,20200325,0.0,0.0,0.0,134.4,4.0,EU,567.0,28.0,True
1686,DNK,Denmark,2020-04-01,2860.0,90.0,72.22,5792203,WESTERN EUROPE,43094.0,DNK2020-04-01,2020-04-01,Member,Member,13,Apr,Wednesday,20200401,0.1,0.0,0.0,134.4,4.0,EU,1269.0,58.0,True
1687,DNK,Denmark,2020-04-08,5071.0,203.0,72.22,5792203,WESTERN EUROPE,43094.0,DNK2020-04-08,2020-04-08,Member,Member,14,Apr,Wednesday,20200408,0.1,0.0,0.0,134.4,4.0,EU,2211.0,113.0,True
1983,EST,Estonia,2020-04-01,745.0,4.0,77.78,1326539,BALTICS,45226.0,EST2020-04-01,2020-04-01,Member,Member,13,Apr,Wednesday,20200401,0.0,0.0,0.0,29.3,4.0,EU,376.0,,True
1984,EST,Estonia,2020-04-08,1149.0,21.0,77.78,1326539,BALTICS,45226.0,EST2020-04-08,2020-04-08,Member,Member,14,Apr,Wednesday,20200408,0.0,0.0,0.0,29.3,4.0,EU,404.0,17.0,True
1985,EST,Estonia,2020-04-15,1373.0,31.0,77.78,1326539,BALTICS,45226.0,EST2020-04-15,2020-04-15,Member,Member,15,Apr,Wednesday,20200415,0.0,0.0,0.0,29.3,4.0,EU,224.0,10.0,True
1986,EST,Estonia,2020-04-22,1552.0,43.0,77.78,1326539,BALTICS,45226.0,EST2020-04-22,2020-04-22,Member,Member,16,Apr,Wednesday,20200422,0.0,0.0,0.0,29.3,4.0,EU,179.0,12.0,True
1987,EST,Estonia,2020-04-29,1660.0,50.0,75.0,1326539,BALTICS,45226.0,EST2020-04-29,2020-04-29,Member,Member,17,Apr,Wednesday,20200429,0.0,0.0,0.0,29.3,4.0,EU,108.0,7.0,True
1988,EST,Estonia,2020-05-06,1711.0,55.0,75.0,1326539,BALTICS,45226.0,EST2020-05-06,2020-05-06,Member,Member,18,May,Wednesday,20200506,0.0,0.0,0.0,29.3,4.0,EU,51.0,5.0,True
2179,FRA,France,2020-03-18,7730.0,175.0,87.96,65273512,WESTERN EUROPE,547030.0,FRA2020-03-18,2020-03-18,Member,Member,11,Mar,Wednesday,20200318,0.0,0.0,0.0,119.3,4.0,EU,5946.0,142.0,True
2180,FRA,France,2020-03-25,22302.0,1100.0,87.96,65273512,WESTERN EUROPE,547030.0,FRA2020-03-25,2020-03-25,Member,Member,12,Mar,Wednesday,20200325,0.0,0.0,0.0,119.3,4.0,EU,14572.0,925.0,True
2181,FRA,France,2020-04-01,52128.0,3523.0,87.96,65273512,WESTERN EUROPE,547030.0,FRA2020-04-01,2020-04-01,Member,Member,13,Apr,Wednesday,20200401,0.1,0.0,0.1,119.3,4.0,EU,29826.0,2423.0,True
2182,FRA,France,2020-04-08,78167.0,10328.0,87.96,65273512,WESTERN EUROPE,547030.0,FRA2020-04-08,2020-04-08,Member,Member,14,Apr,Wednesday,20200408,0.1,0.0,0.1,119.3,4.0,EU,26039.0,6805.0,True
2183,FRA,France,2020-04-15,103573.0,15729.0,87.96,65273512,WESTERN EUROPE,547030.0,FRA2020-04-15,2020-04-15,Member,Member,15,Apr,Wednesday,20200415,0.2,0.0,0.2,119.3,4.0,EU,25406.0,5401.0,True
2184,FRA,France,2020-04-22,117324.0,20796.0,87.96,65273512,WESTERN EUROPE,547030.0,FRA2020-04-22,2020-04-22,Member,Member,16,Apr,Wednesday,20200422,0.2,0.0,0.2,119.3,4.0,EU,13751.0,5067.0,True
2185,FRA,France,2020-04-29,126835.0,23660.0,87.96,65273512,WESTERN EUROPE,547030.0,FRA2020-04-29,2020-04-29,Member,Member,17,Apr,Wednesday,20200429,0.2,0.0,0.2,119.3,4.0,EU,9511.0,2864.0,True
2186,FRA,France,2020-05-06,132967.0,25531.0,87.96,65273512,WESTERN EUROPE,547030.0,FRA2020-05-06,2020-05-06,Member,Member,18,May,Wednesday,20200506,0.2,0.0,0.2,119.3,4.0,EU,6132.0,1871.0,True
2187,FRA,France,2020-05-13,140227.0,26991.0,74.07,65273512,WESTERN EUROPE,547030.0,FRA2020-05-13,2020-05-13,Member,Member,19,May,Wednesday,20200513,0.3,0.0,0.2,119.3,4.0,EU,7260.0,1460.0,True
2188,FRA,France,2020-05-20,143427.0,28022.0,74.07,65273512,WESTERN EUROPE,547030.0,FRA2020-05-20,2020-05-20,Member,Member,20,May,Wednesday,20200520,0.3,0.0,0.2,119.3,4.0,EU,3200.0,1031.0,True
2189,FRA,France,2020-05-27,145555.0,28530.0,72.22,65273512,WESTERN EUROPE,547030.0,FRA2020-05-27,2020-05-27,Member,Member,21,May,Wednesday,20200527,0.3,0.0,0.2,119.3,4.0,EU,2128.0,508.0,True
2344,DEU,Germany,2020-03-25,31554.0,149.0,76.85,83783945,WESTERN EUROPE,357021.0,DEU2020-03-25,2020-03-25,Member,Member,12,Mar,Wednesday,20200325,0.1,0.0,0.0,234.7,4.0,EU,24398.0,136.0,True
2345,DEU,Germany,2020-04-01,67366.0,732.0,76.85,83783945,WESTERN EUROPE,357021.0,DEU2020-04-01,2020-04-01,Member,Member,13,Apr,Wednesday,20200401,0.2,0.0,0.0,234.7,4.0,EU,35812.0,583.0,True
2346,DEU,Germany,2020-04-08,103228.0,1861.0,76.85,83783945,WESTERN EUROPE,357021.0,DEU2020-04-08,2020-04-08,Member,Member,14,Apr,Wednesday,20200408,0.3,0.0,0.0,234.7,4.0,EU,35862.0,1129.0,True
2347,DEU,Germany,2020-04-15,127584.0,3254.0,76.85,83783945,WESTERN EUROPE,357021.0,DEU2020-04-15,2020-04-15,Member,Member,15,Apr,Wednesday,20200415,0.4,0.0,0.0,234.7,4.0,EU,24356.0,1393.0,True
2348,DEU,Germany,2020-04-22,145694.0,4879.0,76.85,83783945,WESTERN EUROPE,357021.0,DEU2020-04-22,2020-04-22,Member,Member,16,Apr,Wednesday,20200422,0.4,0.0,0.0,234.7,4.0,EU,18110.0,1625.0,True
2349,DEU,Germany,2020-04-29,157641.0,6115.0,76.85,83783945,WESTERN EUROPE,357021.0,DEU2020-04-29,2020-04-29,Member,Member,17,Apr,Wednesday,20200429,0.4,0.0,0.0,234.7,4.0,EU,11947.0,1236.0,True
2440,GRC,Greece,2020-03-25,743.0,20.0,84.26,10423056,WESTERN EUROPE,131940.0,GRC2020-03-25,2020-03-25,Member,Member,12,Mar,Wednesday,20200325,0.0,0.0,0.0,79.0,4.0,EU,356.0,15.0,True
2441,GRC,Greece,2020-04-01,1314.0,49.0,84.26,10423056,WESTERN EUROPE,131940.0,GRC2020-04-01,2020-04-01,Member,Member,13,Apr,Wednesday,20200401,0.0,0.0,0.0,79.0,4.0,EU,571.0,29.0,True
2442,GRC,Greece,2020-04-08,1832.0,81.0,84.26,10423056,WESTERN EUROPE,131940.0,GRC2020-04-08,2020-04-08,Member,Member,14,Apr,Wednesday,20200408,0.0,0.0,0.0,79.0,4.0,EU,518.0,32.0,True
2443,GRC,Greece,2020-04-15,2170.0,101.0,84.26,10423056,WESTERN EUROPE,131940.0,GRC2020-04-15,2020-04-15,Member,Member,15,Apr,Wednesday,20200415,0.0,0.0,0.0,79.0,4.0,EU,338.0,20.0,True
2444,GRC,Greece,2020-04-22,2401.0,121.0,84.26,10423056,WESTERN EUROPE,131940.0,GRC2020-04-22,2020-04-22,Member,Member,16,Apr,Wednesday,20200422,0.0,0.0,0.1,79.0,4.0,EU,231.0,20.0,True
2445,GRC,Greece,2020-04-29,2534.0,136.0,84.26,10423056,WESTERN EUROPE,131940.0,GRC2020-04-29,2020-04-29,Member,Member,17,Apr,Wednesday,20200429,0.0,0.0,0.1,79.0,4.0,EU,133.0,15.0,True
2446,GRC,Greece,2020-05-06,2642.0,146.0,72.22,10423056,WESTERN EUROPE,131940.0,GRC2020-05-06,2020-05-06,Member,Member,18,May,Wednesday,20200506,0.0,0.0,0.1,79.0,4.0,EU,108.0,10.0,True
2764,HUN,Hungary,2020-04-01,525.0,20.0,76.85,9660350,EASTERN EUROPE,93030.0,HUN2020-04-01,2020-04-01,Member,Member,13,Apr,Wednesday,20200401,0.0,0.0,0.0,103.8,4.0,EU,299.0,10.0,True
2765,HUN,Hungary,2020-04-08,895.0,58.0,76.85,9660350,EASTERN EUROPE,93030.0,HUN2020-04-08,2020-04-08,Member,Member,14,Apr,Wednesday,20200408,0.0,0.0,0.1,103.8,4.0,EU,370.0,38.0,True
2766,HUN,Hungary,2020-04-15,1579.0,134.0,76.85,9660350,EASTERN EUROPE,93030.0,HUN2020-04-15,2020-04-15,Member,Member,15,Apr,Wednesday,20200415,0.0,0.0,0.1,103.8,4.0,EU,684.0,76.0,True
2767,HUN,Hungary,2020-04-22,2168.0,225.0,76.85,9660350,EASTERN EUROPE,93030.0,HUN2020-04-22,2020-04-22,Member,Member,16,Apr,Wednesday,20200422,0.0,0.0,0.1,103.8,4.0,EU,589.0,91.0,True
2768,HUN,Hungary,2020-04-29,2727.0,300.0,76.85,9660350,EASTERN EUROPE,93030.0,HUN2020-04-29,2020-04-29,Member,Member,17,Apr,Wednesday,20200429,0.0,0.0,0.1,103.8,4.0,EU,559.0,75.0,True
2998,IRL,Ireland,2020-04-01,3235.0,71.0,85.19,4937796,WESTERN EUROPE,70280.0,IRL2020-04-01,2020-04-01,Member,Member,13,Apr,Wednesday,20200401,0.0,0.0,0.0,70.3,4.0,EU,1906.0,64.0,True
2999,IRL,Ireland,2020-04-08,5709.0,210.0,90.74,4937796,WESTERN EUROPE,70280.0,IRL2020-04-08,2020-04-08,Member,Member,14,Apr,Wednesday,20200408,0.1,0.0,0.0,70.3,5.0,EU,2474.0,139.0,True
3000,IRL,Ireland,2020-04-15,11479.0,406.0,90.74,4937796,WESTERN EUROPE,70280.0,IRL2020-04-15,2020-04-15,Member,Member,15,Apr,Wednesday,20200415,0.2,0.0,0.0,70.3,5.0,EU,5770.0,196.0,True
3001,IRL,Ireland,2020-04-22,16040.0,730.0,90.74,4937796,WESTERN EUROPE,70280.0,IRL2020-04-22,2020-04-22,Member,Member,16,Apr,Wednesday,20200422,0.2,0.0,0.0,70.3,5.0,EU,4561.0,324.0,True
3002,IRL,Ireland,2020-04-29,19877.0,1159.0,90.74,4937796,WESTERN EUROPE,70280.0,IRL2020-04-29,2020-04-29,Member,Member,17,Apr,Wednesday,20200429,0.3,0.0,0.1,70.3,5.0,EU,3837.0,429.0,True
3003,IRL,Ireland,2020-05-06,21983.0,1339.0,90.74,4937796,WESTERN EUROPE,70280.0,IRL2020-05-06,2020-05-06,Member,Member,18,May,Wednesday,20200506,0.3,0.0,0.1,70.3,5.0,EU,2106.0,180.0,True
3004,IRL,Ireland,2020-05-13,23242.0,1488.0,90.74,4937796,WESTERN EUROPE,70280.0,IRL2020-05-13,2020-05-13,Member,Member,19,May,Wednesday,20200513,0.3,0.0,0.1,70.3,5.0,EU,1259.0,149.0,True
3005,IRL,Ireland,2020-05-20,24251.0,1561.0,83.33,4937796,WESTERN EUROPE,70280.0,IRL2020-05-20,2020-05-20,Member,Member,20,May,Wednesday,20200520,0.3,0.0,0.1,70.3,4.0,EU,1009.0,73.0,True
3006,IRL,Ireland,2020-05-27,24735.0,1615.0,83.33,4937796,WESTERN EUROPE,70280.0,IRL2020-05-27,2020-05-27,Member,Member,21,May,Wednesday,20200527,0.4,0.0,0.1,70.3,4.0,EU,484.0,54.0,True
3007,IRL,Ireland,2020-06-03,25066.0,1658.0,83.33,4937796,WESTERN EUROPE,70280.0,IRL2020-06-03,2020-06-03,Member,Member,22,Jun,Wednesday,20200603,0.4,0.0,0.1,70.3,4.0,EU,331.0,43.0,True
3008,IRL,Ireland,2020-06-10,25215.0,1691.0,72.22,4937796,WESTERN EUROPE,70280.0,IRL2020-06-10,2020-06-10,Member,Member,23,Jun,Wednesday,20200610,0.4,0.0,0.1,70.3,4.0,EU,149.0,33.0,True
3009,IRL,Ireland,2020-06-17,25334.0,1709.0,72.22,4937796,WESTERN EUROPE,70280.0,IRL2020-06-17,2020-06-17,Member,Member,24,Jun,Wednesday,20200617,0.4,0.0,0.1,70.3,4.0,EU,119.0,18.0,True
3010,IRL,Ireland,2020-06-24,25391.0,1720.0,72.22,4937796,WESTERN EUROPE,70280.0,IRL2020-06-24,2020-06-24,Member,Member,25,Jun,Wednesday,20200624,0.4,0.0,0.1,70.3,4.0,EU,57.0,11.0,True
3018,IRL,Ireland,2020-08-19,27499.0,1775.0,70.83,4937796,WESTERN EUROPE,70280.0,IRL2020-08-19,2020-08-19,Member,Member,33,Aug,Wednesday,20200819,0.4,0.0,0.1,70.3,4.0,EU,698.0,2.0,True
3019,IRL,Ireland,2020-08-26,28201.0,1777.0,70.83,4937796,WESTERN EUROPE,70280.0,IRL2020-08-26,2020-08-26,Member,Member,34,Aug,Wednesday,20200826,0.4,0.0,0.1,70.3,4.0,EU,702.0,2.0,True
3020,IRL,Ireland,2020-09-02,29025.0,1777.0,70.83,4937796,WESTERN EUROPE,70280.0,IRL2020-09-02,2020-09-02,Member,Member,35,Sep,Wednesday,20200902,0.4,0.0,0.1,70.3,4.0,EU,824.0,0.0,True
3021,IRL,Ireland,2020-09-09,30080.0,1778.0,70.83,4937796,WESTERN EUROPE,70280.0,IRL2020-09-09,2020-09-09,Member,Member,36,Sep,Wednesday,20200909,0.4,0.0,0.1,70.3,4.0,EU,1055.0,1.0,True
3022,IRL,Ireland,2020-09-16,31549.0,1787.0,70.83,4937796,WESTERN EUROPE,70280.0,IRL2020-09-16,2020-09-16,Member,Member,37,Sep,Wednesday,20200916,0.4,0.0,0.1,70.3,4.0,EU,1469.0,9.0,True
3100,ITA,Italy,2020-03-04,2502.0,80.0,74.54,60461828,WESTERN EUROPE,301230.0,ITA2020-03-04,2020-03-04,Member,Member,9,Mar,Wednesday,20200304,0.0,0.0,0.0,200.7,4.0,EU,2180.0,69.0,True
3101,ITA,Italy,2020-03-11,10149.0,631.0,85.19,60461828,WESTERN EUROPE,301230.0,ITA2020-03-11,2020-03-11,Member,Member,10,Mar,Wednesday,20200311,0.0,0.0,0.1,200.7,4.0,EU,7647.0,551.0,True
3102,ITA,Italy,2020-03-18,31506.0,2505.0,85.19,60461828,WESTERN EUROPE,301230.0,ITA2020-03-18,2020-03-18,Member,Member,11,Mar,Wednesday,20200318,0.1,0.0,0.1,200.7,4.0,EU,21357.0,1874.0,True
3103,ITA,Italy,2020-03-25,69176.0,6820.0,91.67,60461828,WESTERN EUROPE,301230.0,ITA2020-03-25,2020-03-25,Member,Member,12,Mar,Wednesday,20200325,0.2,0.0,0.1,200.7,5.0,EU,37670.0,4315.0,True
3104,ITA,Italy,2020-04-01,105792.0,12430.0,91.67,60461828,WESTERN EUROPE,301230.0,ITA2020-04-01,2020-04-01,Member,Member,13,Apr,Wednesday,20200401,0.4,0.0,0.1,200.7,5.0,EU,36616.0,5610.0,True
3105,ITA,Italy,2020-04-08,135586.0,17129.0,91.67,60461828,WESTERN EUROPE,301230.0,ITA2020-04-08,2020-04-08,Member,Member,14,Apr,Wednesday,20200408,0.5,0.0,0.1,200.7,5.0,EU,29794.0,4699.0,True
3106,ITA,Italy,2020-04-15,162488.0,21069.0,93.52,60461828,WESTERN EUROPE,301230.0,ITA2020-04-15,2020-04-15,Member,Member,15,Apr,Wednesday,20200415,0.5,0.0,0.1,200.7,5.0,EU,26902.0,3940.0,True
3107,ITA,Italy,2020-04-22,183957.0,24648.0,93.52,60461828,WESTERN EUROPE,301230.0,ITA2020-04-22,2020-04-22,Member,Member,16,Apr,Wednesday,20200422,0.6,0.0,0.1,200.7,5.0,EU,21469.0,3579.0,True
3108,ITA,Italy,2020-04-29,201505.0,27359.0,93.52,60461828,WESTERN EUROPE,301230.0,ITA2020-04-29,2020-04-29,Member,Member,17,Apr,Wednesday,20200429,0.7,0.0,0.1,200.7,5.0,EU,17548.0,2711.0,True
3630,LTU,Lithuania,2020-03-18,25.0,0.0,81.48,2722291,BALTICS,65200.0,LTU2020-03-18,2020-03-18,Member,Member,11,Mar,Wednesday,20200318,0.0,0.0,0.0,41.8,4.0,EU,22.0,0.0,True
3631,LTU,Lithuania,2020-03-25,209.0,2.0,81.48,2722291,BALTICS,65200.0,LTU2020-03-25,2020-03-25,Member,Member,12,Mar,Wednesday,20200325,0.0,0.0,0.0,41.8,4.0,EU,184.0,2.0,True
3632,LTU,Lithuania,2020-04-01,533.0,7.0,81.48,2722291,BALTICS,65200.0,LTU2020-04-01,2020-04-01,Member,Member,13,Apr,Wednesday,20200401,0.0,0.0,0.0,41.8,4.0,EU,324.0,5.0,True
3633,LTU,Lithuania,2020-04-08,880.0,15.0,81.48,2722291,BALTICS,65200.0,LTU2020-04-08,2020-04-08,Member,Member,14,Apr,Wednesday,20200408,0.0,0.0,0.0,41.8,4.0,EU,347.0,8.0,True
3634,LTU,Lithuania,2020-04-15,1070.0,24.0,81.48,2722291,BALTICS,65200.0,LTU2020-04-15,2020-04-15,Member,Member,15,Apr,Wednesday,20200415,0.0,0.0,0.0,41.8,4.0,EU,190.0,9.0,True
3635,LTU,Lithuania,2020-04-22,1370.0,38.0,81.48,2722291,BALTICS,65200.0,LTU2020-04-22,2020-04-22,Member,Member,16,Apr,Wednesday,20200422,0.0,0.0,0.0,41.8,4.0,EU,300.0,14.0,True
3636,LTU,Lithuania,2020-04-29,1344.0,44.0,77.78,2722291,BALTICS,65200.0,LTU2020-04-29,2020-04-29,Member,Member,17,Apr,Wednesday,20200429,0.0,0.0,0.0,41.8,4.0,EU,-26.0,6.0,True
3637,LTU,Lithuania,2020-05-06,1423.0,46.0,77.78,2722291,BALTICS,65200.0,LTU2020-05-06,2020-05-06,Member,Member,18,May,Wednesday,20200506,0.0,0.0,0.0,41.8,4.0,EU,79.0,2.0,True
3638,LTU,Lithuania,2020-05-13,1491.0,50.0,75.0,2722291,BALTICS,65200.0,LTU2020-05-13,2020-05-13,Member,Member,19,May,Wednesday,20200513,0.0,0.0,0.0,41.8,4.0,EU,68.0,4.0,True
3639,LTU,Lithuania,2020-05-20,1562.0,60.0,71.3,2722291,BALTICS,65200.0,LTU2020-05-20,2020-05-20,Member,Member,20,May,Wednesday,20200520,0.0,0.0,0.0,41.8,4.0,EU,71.0,10.0,True
3640,LTU,Lithuania,2020-05-27,1639.0,65.0,71.3,2722291,BALTICS,65200.0,LTU2020-05-27,2020-05-27,Member,Member,21,May,Wednesday,20200527,0.0,0.0,0.0,41.8,4.0,EU,77.0,5.0,True
3669,LUX,Luxembourg,2020-03-18,140.0,1.0,79.63,625976,WESTERN EUROPE,2586.0,LUX2020-03-18,2020-03-18,Member,Member,11,Mar,Wednesday,20200318,0.1,0.0,0.0,242.1,4.0,EU,133.0,,True
3670,LUX,Luxembourg,2020-03-25,1099.0,8.0,79.63,625976,WESTERN EUROPE,2586.0,LUX2020-03-25,2020-03-25,Member,Member,12,Mar,Wednesday,20200325,0.4,0.0,0.0,242.1,4.0,EU,959.0,7.0,True
3671,LUX,Luxembourg,2020-04-01,2178.0,23.0,79.63,625976,WESTERN EUROPE,2586.0,LUX2020-04-01,2020-04-01,Member,Member,13,Apr,Wednesday,20200401,0.8,0.0,0.0,242.1,4.0,EU,1079.0,15.0,True
3672,LUX,Luxembourg,2020-04-08,2970.0,44.0,79.63,625976,WESTERN EUROPE,2586.0,LUX2020-04-08,2020-04-08,Member,Member,14,Apr,Wednesday,20200408,1.1,0.0,0.0,242.1,4.0,EU,792.0,21.0,True
3673,LUX,Luxembourg,2020-04-15,3307.0,67.0,79.63,625976,WESTERN EUROPE,2586.0,LUX2020-04-15,2020-04-15,Member,Member,15,Apr,Wednesday,20200415,1.3,0.0,0.0,242.1,4.0,EU,337.0,23.0,True
3674,LUX,Luxembourg,2020-04-22,3618.0,78.0,70.37,625976,WESTERN EUROPE,2586.0,LUX2020-04-22,2020-04-22,Member,Member,16,Apr,Wednesday,20200422,1.4,0.0,0.0,242.1,4.0,EU,311.0,11.0,True
3675,LUX,Luxembourg,2020-04-29,3741.0,89.0,70.37,625976,WESTERN EUROPE,2586.0,LUX2020-04-29,2020-04-29,Member,Member,17,Apr,Wednesday,20200429,1.4,0.0,0.0,242.1,4.0,EU,123.0,11.0,True
3676,LUX,Luxembourg,2020-05-06,3840.0,96.0,70.37,625976,WESTERN EUROPE,2586.0,LUX2020-05-06,2020-05-06,Member,Member,18,May,Wednesday,20200506,1.5,0.0,0.0,242.1,4.0,EU,99.0,7.0,True
4342,NLD,Netherlands,2020-03-25,5560.0,276.0,74.07,17134873,WESTERN EUROPE,41526.0,NLD2020-03-25,2020-03-25,Member,Member,12,Mar,Wednesday,20200325,0.1,0.0,0.0,412.6,4.0,EU,3855.0,233.0,True
4343,NLD,Netherlands,2020-04-01,12595.0,1039.0,79.63,17134873,WESTERN EUROPE,41526.0,NLD2020-04-01,2020-04-01,Member,Member,13,Apr,Wednesday,20200401,0.3,0.0,0.1,412.6,4.0,EU,7035.0,763.0,True
4344,NLD,Netherlands,2020-04-08,19580.0,2101.0,79.63,17134873,WESTERN EUROPE,41526.0,NLD2020-04-08,2020-04-08,Member,Member,14,Apr,Wednesday,20200408,0.5,0.0,0.1,412.6,4.0,EU,6985.0,1062.0,True
4345,NLD,Netherlands,2020-04-15,27419.0,2945.0,79.63,17134873,WESTERN EUROPE,41526.0,NLD2020-04-15,2020-04-15,Member,Member,15,Apr,Wednesday,20200415,0.7,0.0,0.1,412.6,4.0,EU,7839.0,844.0,True
4346,NLD,Netherlands,2020-04-22,34134.0,3916.0,79.63,17134873,WESTERN EUROPE,41526.0,NLD2020-04-22,2020-04-22,Member,Member,16,Apr,Wednesday,20200422,0.8,0.0,0.1,412.6,4.0,EU,6715.0,971.0,True
4347,NLD,Netherlands,2020-04-29,38416.0,4566.0,79.63,17134873,WESTERN EUROPE,41526.0,NLD2020-04-29,2020-04-29,Member,Member,17,Apr,Wednesday,20200429,0.9,0.0,0.1,412.6,4.0,EU,4282.0,650.0,True
4348,NLD,Netherlands,2020-05-06,41087.0,5168.0,79.63,17134873,WESTERN EUROPE,41526.0,NLD2020-05-06,2020-05-06,Member,Member,18,May,Wednesday,20200506,1.0,0.0,0.1,412.6,4.0,EU,2671.0,602.0,True
4868,POL,Poland,2020-04-01,2311.0,33.0,81.48,37846605,EASTERN EUROPE,312685.0,POL2020-04-01,2020-04-01,Member,Member,13,Apr,Wednesday,20200401,0.0,0.0,0.0,121.0,4.0,EU,1410.0,23.0,True
4869,POL,Poland,2020-04-08,4848.0,129.0,81.48,37846605,EASTERN EUROPE,312685.0,POL2020-04-08,2020-04-08,Member,Member,14,Apr,Wednesday,20200408,0.0,0.0,0.0,121.0,4.0,EU,2537.0,96.0,True
4870,POL,Poland,2020-04-15,7202.0,263.0,83.33,37846605,EASTERN EUROPE,312685.0,POL2020-04-15,2020-04-15,Member,Member,15,Apr,Wednesday,20200415,0.0,0.0,0.0,121.0,4.0,EU,2354.0,134.0,True
4871,POL,Poland,2020-04-22,9856.0,401.0,83.33,37846605,EASTERN EUROPE,312685.0,POL2020-04-22,2020-04-22,Member,Member,16,Apr,Wednesday,20200422,0.0,0.0,0.0,121.0,4.0,EU,2654.0,138.0,True
4872,POL,Poland,2020-04-29,12218.0,596.0,83.33,37846605,EASTERN EUROPE,312685.0,POL2020-04-29,2020-04-29,Member,Member,17,Apr,Wednesday,20200429,0.0,0.0,0.0,121.0,4.0,EU,2362.0,195.0,True
4873,POL,Poland,2020-05-06,14431.0,716.0,83.33,37846605,EASTERN EUROPE,312685.0,POL2020-05-06,2020-05-06,Member,Member,18,May,Wednesday,20200506,0.0,0.0,0.0,121.0,4.0,EU,2213.0,120.0,True
4874,POL,Poland,2020-05-13,16921.0,839.0,83.33,37846605,EASTERN EUROPE,312685.0,POL2020-05-13,2020-05-13,Member,Member,19,May,Wednesday,20200513,0.1,0.0,0.0,121.0,4.0,EU,2490.0,123.0,True
4875,POL,Poland,2020-05-20,19268.0,948.0,83.33,37846605,EASTERN EUROPE,312685.0,POL2020-05-20,2020-05-20,Member,Member,20,May,Wednesday,20200520,0.1,0.0,0.0,121.0,4.0,EU,2347.0,109.0,True
4876,POL,Poland,2020-05-27,22074.0,1024.0,79.63,37846605,EASTERN EUROPE,312685.0,POL2020-05-27,2020-05-27,Member,Member,21,May,Wednesday,20200527,0.1,0.0,0.0,121.0,4.0,EU,2806.0,76.0,True
4898,PRT,Portugal,2020-03-25,2362.0,33.0,82.41,10196707,WESTERN EUROPE,92391.0,PRT2020-03-25,2020-03-25,Member,Member,12,Mar,Wednesday,20200325,0.0,0.0,0.0,110.4,4.0,EU,1914.0,32.0,True
4899,PRT,Portugal,2020-04-01,7443.0,160.0,82.41,10196707,WESTERN EUROPE,92391.0,PRT2020-04-01,2020-04-01,Member,Member,13,Apr,Wednesday,20200401,0.1,0.0,0.0,110.4,4.0,EU,5081.0,127.0,True
4900,PRT,Portugal,2020-04-08,12442.0,345.0,82.41,10196707,WESTERN EUROPE,92391.0,PRT2020-04-08,2020-04-08,Member,Member,14,Apr,Wednesday,20200408,0.1,0.0,0.0,110.4,4.0,EU,4999.0,185.0,True
4901,PRT,Portugal,2020-04-15,17448.0,567.0,82.41,10196707,WESTERN EUROPE,92391.0,PRT2020-04-15,2020-04-15,Member,Member,15,Apr,Wednesday,20200415,0.2,0.0,0.0,110.4,4.0,EU,5006.0,222.0,True
4902,PRT,Portugal,2020-04-22,21379.0,762.0,82.41,10196707,WESTERN EUROPE,92391.0,PRT2020-04-22,2020-04-22,Member,Member,16,Apr,Wednesday,20200422,0.2,0.0,0.0,110.4,4.0,EU,3931.0,195.0,True
4903,PRT,Portugal,2020-04-29,24324.0,973.0,82.41,10196707,WESTERN EUROPE,92391.0,PRT2020-04-29,2020-04-29,Member,Member,17,Apr,Wednesday,20200429,0.3,0.0,0.0,110.4,4.0,EU,2945.0,211.0,True
4904,PRT,Portugal,2020-05-06,25702.0,1074.0,75.0,10196707,WESTERN EUROPE,92391.0,PRT2020-05-06,2020-05-06,Member,Member,18,May,Wednesday,20200506,0.3,0.0,0.0,110.4,4.0,EU,1378.0,101.0,True
4905,PRT,Portugal,2020-05-13,27913.0,1163.0,75.0,10196707,WESTERN EUROPE,92391.0,PRT2020-05-13,2020-05-13,Member,Member,19,May,Wednesday,20200513,0.3,0.0,0.0,110.4,4.0,EU,2211.0,89.0,True
4906,PRT,Portugal,2020-05-20,29432.0,1247.0,71.3,10196707,WESTERN EUROPE,92391.0,PRT2020-05-20,2020-05-20,Member,Member,20,May,Wednesday,20200520,0.3,0.0,0.0,110.4,4.0,EU,1519.0,84.0,True
4907,PRT,Portugal,2020-05-27,31007.0,1342.0,71.3,10196707,WESTERN EUROPE,92391.0,PRT2020-05-27,2020-05-27,Member,Member,21,May,Wednesday,20200527,0.3,0.0,0.0,110.4,4.0,EU,1575.0,95.0,True
4908,PRT,Portugal,2020-06-03,32895.0,1436.0,71.3,10196707,WESTERN EUROPE,92391.0,PRT2020-06-03,2020-06-03,Member,Member,22,Jun,Wednesday,20200603,0.4,0.0,0.0,110.4,4.0,EU,1888.0,94.0,True
4912,PRT,Portugal,2020-07-01,42141.0,1576.0,72.69,10196707,WESTERN EUROPE,92391.0,PRT2020-07-01,2020-07-01,Member,Member,26,Jul,Wednesday,20200701,0.5,0.0,0.0,110.4,4.0,EU,2404.0,36.0,True
4913,PRT,Portugal,2020-07-08,44416.0,1629.0,71.3,10196707,WESTERN EUROPE,92391.0,PRT2020-07-08,2020-07-08,Member,Member,27,Jul,Wednesday,20200708,0.5,0.0,0.0,110.4,4.0,EU,2275.0,53.0,True
4914,PRT,Portugal,2020-07-15,47051.0,1668.0,71.3,10196707,WESTERN EUROPE,92391.0,PRT2020-07-15,2020-07-15,Member,Member,28,Jul,Wednesday,20200715,0.5,0.0,0.0,110.4,4.0,EU,2635.0,39.0,True
4915,PRT,Portugal,2020-07-22,48898.0,1697.0,71.76,10196707,WESTERN EUROPE,92391.0,PRT2020-07-22,2020-07-22,Member,Member,29,Jul,Wednesday,20200722,0.5,0.0,0.0,110.4,4.0,EU,1847.0,29.0,True
5003,ROU,Romania,2020-03-25,762.0,11.0,78.7,19237682,EASTERN EUROPE,237500.0,ROU2020-03-25,2020-03-25,Member,Member,12,Mar,Wednesday,20200325,0.0,0.0,0.0,81.0,4.0,EU,545.0,,True
5004,ROU,Romania,2020-04-01,2245.0,69.0,87.04,19237682,EASTERN EUROPE,237500.0,ROU2020-04-01,2020-04-01,Member,Member,13,Apr,Wednesday,20200401,0.0,0.0,0.0,81.0,4.0,EU,1483.0,58.0,True
5005,ROU,Romania,2020-04-08,4417.0,182.0,87.04,19237682,EASTERN EUROPE,237500.0,ROU2020-04-08,2020-04-08,Member,Member,14,Apr,Wednesday,20200408,0.0,0.0,0.0,81.0,4.0,EU,2172.0,113.0,True
5006,ROU,Romania,2020-04-15,6879.0,344.0,87.04,19237682,EASTERN EUROPE,237500.0,ROU2020-04-15,2020-04-15,Member,Member,15,Apr,Wednesday,20200415,0.0,0.0,0.1,81.0,4.0,EU,2462.0,162.0,True
5007,ROU,Romania,2020-04-22,9242.0,483.0,87.04,19237682,EASTERN EUROPE,237500.0,ROU2020-04-22,2020-04-22,Member,Member,16,Apr,Wednesday,20200422,0.0,0.0,0.1,81.0,4.0,EU,2363.0,139.0,True
5008,ROU,Romania,2020-04-29,11616.0,650.0,87.04,19237682,EASTERN EUROPE,237500.0,ROU2020-04-29,2020-04-29,Member,Member,17,Apr,Wednesday,20200429,0.0,0.0,0.1,81.0,4.0,EU,2374.0,167.0,True
5009,ROU,Romania,2020-05-06,13837.0,827.0,87.04,19237682,EASTERN EUROPE,237500.0,ROU2020-05-06,2020-05-06,Member,Member,18,May,Wednesday,20200506,0.1,0.0,0.1,81.0,4.0,EU,2221.0,177.0,True
5010,ROU,Romania,2020-05-13,15778.0,1002.0,78.7,19237682,EASTERN EUROPE,237500.0,ROU2020-05-13,2020-05-13,Member,Member,19,May,Wednesday,20200513,0.1,0.0,0.1,81.0,4.0,EU,1941.0,175.0,True
5011,ROU,Romania,2020-05-20,17191.0,1126.0,75.0,19237682,EASTERN EUROPE,237500.0,ROU2020-05-20,2020-05-20,Member,Member,20,May,Wednesday,20200520,0.1,0.0,0.1,81.0,4.0,EU,1413.0,124.0,True
5012,ROU,Romania,2020-05-27,18429.0,1210.0,75.0,19237682,EASTERN EUROPE,237500.0,ROU2020-05-27,2020-05-27,Member,Member,21,May,Wednesday,20200527,0.1,0.0,0.1,81.0,4.0,EU,1238.0,84.0,True
5467,SVK,Slovakia,2020-03-18,97.0,,75.0,5459643,EASTERN EUROPE,48845.0,SVK2020-03-18,2020-03-18,Member,Member,11,Mar,Wednesday,20200318,0.0,0.0,,111.8,4.0,EU,90.0,,True
5468,SVK,Slovakia,2020-03-25,204.0,,75.0,5459643,EASTERN EUROPE,48845.0,SVK2020-03-25,2020-03-25,Member,Member,12,Mar,Wednesday,20200325,0.0,0.0,,111.8,4.0,EU,107.0,,True
5469,SVK,Slovakia,2020-04-01,363.0,,75.0,5459643,EASTERN EUROPE,48845.0,SVK2020-04-01,2020-04-01,Member,Member,13,Apr,Wednesday,20200401,0.0,0.0,,111.8,4.0,EU,159.0,,True
5470,SVK,Slovakia,2020-04-08,581.0,2.0,87.04,5459643,EASTERN EUROPE,48845.0,SVK2020-04-08,2020-04-08,Member,Member,14,Apr,Wednesday,20200408,0.0,0.0,0.0,111.8,4.0,EU,218.0,,True
5471,SVK,Slovakia,2020-04-15,835.0,2.0,75.0,5459643,EASTERN EUROPE,48845.0,SVK2020-04-15,2020-04-15,Member,Member,15,Apr,Wednesday,20200415,0.0,0.0,0.0,111.8,4.0,EU,254.0,0.0,True
5472,SVK,Slovakia,2020-04-22,1199.0,14.0,73.15,5459643,EASTERN EUROPE,48845.0,SVK2020-04-22,2020-04-22,Member,Member,16,Apr,Wednesday,20200422,0.0,0.0,0.0,111.8,4.0,EU,364.0,12.0,True
5473,SVK,Slovakia,2020-04-29,1384.0,20.0,73.15,5459643,EASTERN EUROPE,48845.0,SVK2020-04-29,2020-04-29,Member,Member,17,Apr,Wednesday,20200429,0.0,0.0,0.0,111.8,4.0,EU,185.0,6.0,True
5474,SVK,Slovakia,2020-05-06,1421.0,25.0,73.15,5459643,EASTERN EUROPE,48845.0,SVK2020-05-06,2020-05-06,Member,Member,18,May,Wednesday,20200506,0.0,0.0,0.0,111.8,4.0,EU,37.0,5.0,True
5475,SVK,Slovakia,2020-05-13,1465.0,27.0,73.15,5459643,EASTERN EUROPE,48845.0,SVK2020-05-13,2020-05-13,Member,Member,19,May,Wednesday,20200513,0.0,0.0,0.0,111.8,4.0,EU,44.0,2.0,True
5476,SVK,Slovakia,2020-05-20,1495.0,28.0,73.15,5459643,EASTERN EUROPE,48845.0,SVK2020-05-20,2020-05-20,Member,Member,20,May,Wednesday,20200520,0.0,0.0,0.0,111.8,4.0,EU,30.0,1.0,True
5477,SVK,Slovakia,2020-05-27,1513.0,28.0,73.15,5459643,EASTERN EUROPE,48845.0,SVK2020-05-27,2020-05-27,Member,Member,21,May,Wednesday,20200527,0.0,0.0,0.0,111.8,4.0,EU,18.0,0.0,True
5498,SVN,Slovenia,2020-03-25,480.0,3.0,78.7,2078932,EASTERN EUROPE,20273.0,SVN2020-03-25,2020-03-25,Member,Member,12,Mar,Wednesday,20200325,0.0,0.0,0.0,102.5,4.0,EU,205.0,2.0,True
5499,SVN,Slovenia,2020-04-01,814.0,13.0,89.81,2078932,EASTERN EUROPE,20273.0,SVN2020-04-01,2020-04-01,Member,Member,13,Apr,Wednesday,20200401,0.0,0.0,0.0,102.5,4.0,EU,334.0,10.0,True
5500,SVN,Slovenia,2020-04-08,1055.0,36.0,89.81,2078932,EASTERN EUROPE,20273.0,SVN2020-04-08,2020-04-08,Member,Member,14,Apr,Wednesday,20200408,0.1,0.0,0.0,102.5,4.0,EU,241.0,23.0,True
5501,SVN,Slovenia,2020-04-15,1220.0,56.0,89.81,2078932,EASTERN EUROPE,20273.0,SVN2020-04-15,2020-04-15,Member,Member,15,Apr,Wednesday,20200415,0.1,0.0,0.0,102.5,4.0,EU,165.0,20.0,True
5502,SVN,Slovenia,2020-04-22,1340.0,77.0,86.11,2078932,EASTERN EUROPE,20273.0,SVN2020-04-22,2020-04-22,Member,Member,16,Apr,Wednesday,20200422,0.1,0.0,0.1,102.5,4.0,EU,120.0,21.0,True
5503,SVN,Slovenia,2020-04-29,1408.0,86.0,86.11,2078932,EASTERN EUROPE,20273.0,SVN2020-04-29,2020-04-29,Member,Member,17,Apr,Wednesday,20200429,0.1,0.0,0.1,102.5,4.0,EU,68.0,9.0,True
5504,SVN,Slovenia,2020-05-06,1448.0,98.0,75.0,2078932,EASTERN EUROPE,20273.0,SVN2020-05-06,2020-05-06,Member,Member,18,May,Wednesday,20200506,0.1,0.0,0.1,102.5,4.0,EU,40.0,12.0,True
5664,ESP,Spain,2020-03-18,17688.0,491.0,71.76,46754783,WESTERN EUROPE,504782.0,ESP2020-03-18,2020-03-18,Member,Member,11,Mar,Wednesday,20200318,0.0,0.0,0.0,92.6,4.0,EU,14414.0,456.0,True
5665,ESP,Spain,2020-03-25,57506.0,2696.0,71.76,46754783,WESTERN EUROPE,504782.0,ESP2020-03-25,2020-03-25,Member,Member,12,Mar,Wednesday,20200325,0.1,0.0,0.0,92.6,4.0,EU,39818.0,2205.0,True
5666,ESP,Spain,2020-04-01,111680.0,8189.0,85.19,46754783,WESTERN EUROPE,504782.0,ESP2020-04-01,2020-04-01,Member,Member,13,Apr,Wednesday,20200401,0.2,0.0,0.1,92.6,4.0,EU,54174.0,5493.0,True
5667,ESP,Spain,2020-04-08,153190.0,13798.0,85.19,46754783,WESTERN EUROPE,504782.0,ESP2020-04-08,2020-04-08,Member,Member,14,Apr,Wednesday,20200408,0.3,0.0,0.1,92.6,4.0,EU,41510.0,5609.0,True
5668,ESP,Spain,2020-04-15,182491.0,18276.0,85.19,46754783,WESTERN EUROPE,504782.0,ESP2020-04-15,2020-04-15,Member,Member,15,Apr,Wednesday,20200415,0.4,0.0,0.1,92.6,4.0,EU,29301.0,4478.0,True
5669,ESP,Spain,2020-04-22,200733.0,21717.0,85.19,46754783,WESTERN EUROPE,504782.0,ESP2020-04-22,2020-04-22,Member,Member,16,Apr,Wednesday,20200422,0.4,0.0,0.1,92.6,4.0,EU,18242.0,3441.0,True
5670,ESP,Spain,2020-04-29,213942.0,24275.0,85.19,46754783,WESTERN EUROPE,504782.0,ESP2020-04-29,2020-04-29,Member,Member,17,Apr,Wednesday,20200429,0.4,0.0,0.1,92.6,4.0,EU,13209.0,2558.0,True
5671,ESP,Spain,2020-05-06,221124.0,25857.0,81.94,46754783,WESTERN EUROPE,504782.0,ESP2020-05-06,2020-05-06,Member,Member,18,May,Wednesday,20200506,0.4,0.0,0.1,92.6,4.0,EU,7182.0,1582.0,True
5672,ESP,Spain,2020-05-13,228691.0,27104.0,83.33,46754783,WESTERN EUROPE,504782.0,ESP2020-05-13,2020-05-13,Member,Member,19,May,Wednesday,20200513,0.5,0.0,0.1,92.6,4.0,EU,7567.0,1247.0,True
5673,ESP,Spain,2020-05-20,232555.0,27888.0,79.17,46754783,WESTERN EUROPE,504782.0,ESP2020-05-20,2020-05-20,Member,Member,20,May,Wednesday,20200520,0.5,0.0,0.1,92.6,4.0,EU,3864.0,784.0,True
6337,GBR,United Kingdom,2020-03-25,12650.0,512.0,79.63,67886004,WESTERN EUROPE,244820.0,GBR2020-03-25,2020-03-25,Member,Member,12,Mar,Wednesday,20200325,0.1,0.0,0.0,277.3,4.0,EU,8992.0,430.0,True
6338,GBR,United Kingdom,2020-04-01,33954.0,2453.0,79.63,67886004,WESTERN EUROPE,244820.0,GBR2020-04-01,2020-04-01,Member,Member,13,Apr,Wednesday,20200401,0.1,0.0,0.1,277.3,4.0,EU,21304.0,1941.0,True
6339,GBR,United Kingdom,2020-04-08,66054.0,7545.0,79.63,67886004,WESTERN EUROPE,244820.0,GBR2020-04-08,2020-04-08,Member,Member,14,Apr,Wednesday,20200408,0.3,0.0,0.1,277.3,4.0,EU,32100.0,5092.0,True
6340,GBR,United Kingdom,2020-04-15,97052.0,14113.0,79.63,67886004,WESTERN EUROPE,244820.0,GBR2020-04-15,2020-04-15,Member,Member,15,Apr,Wednesday,20200415,0.4,0.0,0.1,277.3,4.0,EU,30998.0,6568.0,True
6341,GBR,United Kingdom,2020-04-22,130119.0,20273.0,79.63,67886004,WESTERN EUROPE,244820.0,GBR2020-04-22,2020-04-22,Member,Member,16,Apr,Wednesday,20200422,0.5,0.0,0.2,277.3,4.0,EU,33067.0,6160.0,True
6342,GBR,United Kingdom,2020-04-29,162421.0,25280.0,79.63,67886004,WESTERN EUROPE,244820.0,GBR2020-04-29,2020-04-29,Member,Member,17,Apr,Wednesday,20200429,0.7,0.0,0.2,277.3,4.0,EU,32302.0,5007.0,True
6343,GBR,United Kingdom,2020-05-06,191895.0,29216.0,79.63,67886004,WESTERN EUROPE,244820.0,GBR2020-05-06,2020-05-06,Member,Member,18,May,Wednesday,20200506,0.8,0.0,0.2,277.3,4.0,EU,29474.0,3936.0,True
6344,GBR,United Kingdom,2020-05-13,214306.0,32193.0,71.3,67886004,WESTERN EUROPE,244820.0,GBR2020-05-13,2020-05-13,Member,Member,19,May,Wednesday,20200513,0.9,0.0,0.2,277.3,4.0,EU,22411.0,2977.0,True
6345,GBR,United Kingdom,2020-05-20,232675.0,34466.0,71.3,67886004,WESTERN EUROPE,244820.0,GBR2020-05-20,2020-05-20,Member,Member,20,May,Wednesday,20200520,1.0,0.0,0.1,277.3,4.0,EU,18369.0,2273.0,True
6346,GBR,United Kingdom,2020-05-27,247596.0,36192.0,71.3,67886004,WESTERN EUROPE,244820.0,GBR2020-05-27,2020-05-27,Member,Member,21,May,Wednesday,20200527,1.0,0.0,0.1,277.3,4.0,EU,14921.0,1726.0,True
6348,GBR,United Kingdom,2020-06-10,265859.0,38861.0,73.15,67886004,WESTERN EUROPE,244820.0,GBR2020-06-10,2020-06-10,Member,Member,23,Jun,Wednesday,20200610,1.1,0.0,0.1,277.3,4.0,EU,7824.0,1081.0,True
6349,GBR,United Kingdom,2020-06-17,273040.0,39515.0,71.3,67886004,WESTERN EUROPE,244820.0,GBR2020-06-17,2020-06-17,Member,Member,24,Jun,Wednesday,20200617,1.1,0.0,0.1,277.3,4.0,EU,7181.0,654.0,True
6350,GBR,United Kingdom,2020-06-24,279390.0,39986.0,71.3,67886004,WESTERN EUROPE,244820.0,GBR2020-06-24,2020-06-24,Member,Member,25,Jun,Wednesday,20200624,1.1,0.0,0.1,277.3,4.0,EU,6350.0,471.0,True
6351,GBR,United Kingdom,2020-07-01,284271.0,40394.0,71.3,67886004,WESTERN EUROPE,244820.0,GBR2020-07-01,2020-07-01,Member,Member,26,Jul,Wednesday,20200701,1.2,0.0,0.1,277.3,4.0,EU,4881.0,408.0,True
